id,csv_column,GROUP,QUESTION,Note,csv_friendly_name
1,Unnamed: 0.1,Unnamed: 0.1,,,
2,Unnamed: 0,Unnamed: 0,,,37
3,SubmissionDate,SubmissionDate,,,Submission Date
4,start,start,,,
5,end,end,,,
6,today,today,,,
7,username,username,,,
8,deviceid,deviceid,,,
9,phonenumber,phonenumber,,,
10,test_note,test_note,,,
11,rights_agreement,rights_agreement,,,
12,rights_agreement_1,rights_agreement_1,,,
13,onboarding,onboarding,,,
14,Coop_info-Farm_ID_Note,Coop_info,Farm_ID_Note,,
15,Coop_info-coop_name,Coop_info,coop_name,,
16,Coop_info-Input_Farm_ID,Coop_info,Input_Farm_ID,,
17,Coop_info-farmer_name,Coop_info,farmer_name,,
18,Coop_info-farmer_surname,Coop_info,farmer_surname,,
19,Coop_info-Input_Surveyor_ID,Coop_info,Input_Surveyor_ID,,
20,Full Name,Full Name,,,
21,Coop_info-_numberpresent,Coop_info,_numberpresent,,
22,Coop_info-_roles_multiple,Coop_info,_roles_multiple,,
23,Coop_info-_age,Coop_info,_age,,Farmer Age
24,Coop_info-gender,Coop_info,gender,,Farmer Gender
25,Coop_info-signature_farmer,Coop_info,signature_farmer,,
26,Coop_info-signature_surveyor,Coop_info,signature_surveyor,,
27,Coop_info-image_farmer,Coop_info,image_farmer,,
28,plot_number-plot_count_note,plot_number,plot_count_note,,
29,plot_number-plot_count,plot_number,plot_count,,Number of Rubber Plots
30,plot_number-PGS_non_rubber,plot_number,PGS_non_rubber,,Number of Non-Rubber Plots
31,plot_shape-plot_shape,plot_shape,plot_shape,,
32,plot_shape-plot_image_1,plot_shape,plot_image_1,,
33,plot_shape-plot_image_2,plot_shape,plot_image_2,,
34,plot_shape-plot_image_3,plot_shape,plot_image_3,,
35,plot_shape-plot_image_4,plot_shape,plot_image_4,,
36,plot_information-plot_name,plot_information,plot_name,,
37,plot_information-plot_PGS_tenure,plot_information,plot_PGS_tenure,,Plot Land Tenure
38,plot_information-plot_PGS_tapping_y_n,plot_information,plot_PGS_tapping_y_n,,
39,plot_information-plot_PGS_regime,plot_information,plot_PGS_regime,,
40,plot_information-plot_other_regime,plot_information,plot_other_regime,,
41,plot_information-plot_PGS_tap_who,plot_information,plot_PGS_tap_who,,
42,plot_information-plot_note_yield_DRC,plot_information,plot_note_yield_DRC,,
43,plot_information-plot_PGS_yield_day,plot_information,plot_PGS_yield_day,,Yeild
44,plot_information-plot_PGS_species_number,plot_information,plot_PGS_species_number,,
45,plot_information-plot_chemicals_used,plot_information,plot_chemicals_used,,Chemicals Used
46,plot_information-plot_chemicals_used_other,plot_information,plot_chemicals_used_other,,Chemicals Used (other)
47,plot_information-plot_soil_mushroom_number,plot_information,plot_soil_mushroom_number,,Number of Mushrooms Identified
48,plot_information-plot_soil_shroom_pic_1,plot_information,plot_soil_shroom_pic_1,,
49,plot_information-plot_soil_shroom_pic_2,plot_information,plot_soil_shroom_pic_2,,
50,plot_information-plot_soil_shroom_pic_3,plot_information,plot_soil_shroom_pic_3,,
51,plot_information-plot_soil_shroom_presence,plot_information,plot_soil_shroom_presence,,
52,plot_information-plot_conservation,plot_information,plot_conservation,,Conservation Practices Used
53,plot_information-plot_time_production_prior,plot_information,plot_time_production_prior,,
54,plot_information-plot_leaf_depth,plot_information,plot_leaf_depth,,Plot Leaf Litter Depth
55,plot_information-plot_plot_section,plot_information,plot_plot_section,,
56,plot_information-plot_image_for_layers_of_growth,plot_information,plot_image_for_layers_of_growth,,
57,plot_information-plot_tall_trees,plot_information,plot_tall_trees,,Number of tall trees in system
58,plot_information-plot_medium_trees,plot_information,plot_medium_trees,,Number of medium trees in system
59,plot_information-plot_small_trees,plot_information,plot_small_trees,,Number of small trees in system
60,plot_information-plot_vines_and_lianas,plot_information,plot_vines_and_lianas,,Number of vines & lianas
61,plot_information-plot_ground_cover,plot_information,plot_ground_cover,,Percent ground cover
62,plot_information-plot_roots_and_tubers,plot_information,plot_roots_and_tubers,,Number of roots & tubers
63,plot_information-plot_epiphytes,plot_information,plot_epiphytes,,Number of epiphytes
64,value_added_products-species_selling,value_added_products,species_selling,,Product Origin
65,value_added_products-species_selling_Elaeis_guineesis_L,value_added_products,species_selling_Elaeis_guineesis_L,,
66,value_added_products-species_selling_Magnolia_champaca_L_baill,value_added_products,species_selling_Magnolia_champaca_L_baill,,
67,value_added_products-species_selling_Salacca_zalacca_gaertn_voss,value_added_products,species_selling_Salacca_zalacca_gaertn_voss,,
68,value_added_products-species_selling_coffee_musa_ABB_Kluai_Namwa,value_added_products,species_selling_coffee_musa_ABB_Kluai_Namwa,,
69,value_added_products-species_selling_coffee_arabica,value_added_products,species_selling_coffee_arabica,,
70,value_added_products-species_selling_Areca_catechu,value_added_products,species_selling_Areca_catechu,,
71,value_added_products-species_selling_Persea_americana,value_added_products,species_selling_Persea_americana,,
72,value_added_products-species_selling_Gnetumgnemon_limm,value_added_products,species_selling_Gnetumgnemon_limm,,
73,value_added_products-species_selling_Hopea_odorata_roxb,value_added_products,species_selling_Hopea_odorata_roxb,,
74,value_added_products-species_selling_Azadirachta_excelsa,value_added_products,species_selling_Azadirachta_excelsa,,
75,value_added_products-species_selling_Bambusa_spp,value_added_products,species_selling_Bambusa_spp,,
76,value_added_products-species_selling_Swietenia_macrophylla,value_added_products,species_selling_Swietenia_macrophylla,,
77,value_added_products-species_selling_Swietenia_macrophylla_king,value_added_products,species_selling_Swietenia_macrophylla_king,,
78,value_added_products-species_selling_Dipterocarpus_dyeri,value_added_products,species_selling_Dipterocarpus_dyeri,,
79,value_added_products-species_selling_Vegetables,value_added_products,species_selling_Vegetables,,
80,value_added_products-species_selling_Ananas_comosus,value_added_products,species_selling_Ananas_comosus,,
81,value_added_products-species_selling_Lansium_domesticum,value_added_products,species_selling_Lansium_domesticum,,
82,value_added_products-species_selling_Garcinia_mangostana,value_added_products,species_selling_Garcinia_mangostana,,
83,value_added_products-species_selling_Nephelium_lappaceum,value_added_products,species_selling_Nephelium_lappaceum,,
84,value_added_products-species_selling_Durio_zibethinus,value_added_products,species_selling_Durio_zibethinus,,
85,value_added_products-species_selling_Parkia_speciosa,value_added_products,species_selling_Parkia_speciosa,,
86,value_added_products-species_selling_Cocos_nucifera__nucifera,value_added_products,species_selling_Cocos_nucifera__nucifera,,
87,value_added_products-species_selling_Baccauera_motleyana__Mul_arg,value_added_products,species_selling_Baccauera_motleyana__Mul_arg,,
88,value_added_products-species_selling_Azadirachta_indica__siamensis,value_added_products,species_selling_Azadirachta_indica__siamensis,,
89,value_added_products-species_selling_Litsea_grandis,value_added_products,species_selling_Litsea_grandis,,
90,value_added_products-species_selling_Anacardium_occidentale__L,value_added_products,species_selling_Anacardium_occidentale__L,,
91,value_added_products-species_selling_Acacia_mangium,value_added_products,species_selling_Acacia_mangium,,
92,value_added_products-species_selling_Eugenia_javanlea,value_added_products,species_selling_Eugenia_javanlea,,
93,value_added_products-species_selling_Passiflora_edulis,value_added_products,species_selling_Passiflora_edulis,,
94,value_added_products-species_selling_Piper_sarmentosum,value_added_products,species_selling_Piper_sarmentosum,,
95,value_added_products-species_selling_Mitragyna_speciosa_korth,value_added_products,species_selling_Mitragyna_speciosa_korth,,
96,value_added_products-species_selling_Archidendron_jiringa,value_added_products,species_selling_Archidendron_jiringa,,
97,value_added_products-species_selling_Litsea_elliptica__blume,value_added_products,species_selling_Litsea_elliptica__blume,,
98,value_added_products-species_selling_Artocarpus_integer,value_added_products,species_selling_Artocarpus_integer,,
99,value_added_products-species_selling_Intsia_palembanica,value_added_products,species_selling_Intsia_palembanica,,
100,value_added_products-species_selling_mangifera_indica,value_added_products,species_selling_mangifera_indica,,
101,value_added_products-species_selling_Artocarpus_heterophyllus,value_added_products,species_selling_Artocarpus_heterophyllus,,
102,value_added_products-species_selling_Landsium_parasiticum,value_added_products,species_selling_Landsium_parasiticum,,
103,value_added_products-species_selling_Compost,value_added_products,species_selling_Compost,,
104,value_added_products-species_text_other,value_added_products,species_text_other,,
105,value_added_products-income_additional,value_added_products,income_additional,,Additional income
106,note_baseline_general_qs-pgs_improve,note_baseline_general_qs,pgs_improve,,
107,note_baseline_general_qs-soc_health_diet,note_baseline_general_qs,soc_health_diet,,Diet Health
108,note_baseline_general_qs-soc_community_tradition,note_baseline_general_qs,soc_community_tradition,,
109,note_baseline_general_qs-soc_tapper_expansion,note_baseline_general_qs,soc_tapper_expansion,,
110,note_baseline_general_qs-soc_famer_income_share,note_baseline_general_qs,soc_famer_income_share,,Percent Income (Distribution)
111,note_baseline_general_qs-plot_hydro_moist,note_baseline_general_qs,plot_hydro_moist,,System Moisture
112,note_PGS_annual_qs-note_PGS_yield_combined,note_PGS_annual_qs,note_PGS_yield_combined,,
113,note_PGS_annual_qs-PGS_total_yield_daily,note_PGS_annual_qs,PGS_total_yield_daily,,Total Daily Yeild
114,note_PGS_annual_qs-PGS_yeild_proximo,note_PGS_annual_qs,PGS_yeild_proximo,,
115,note_PGS_annual_qs-uses_general,note_PGS_annual_qs,uses_general,,Uses (general)
116,note_PGS_annual_qs-uses_food,note_PGS_annual_qs,uses_food,,Uses (food)
117,note_PGS_annual_qs-uses_medicine,note_PGS_annual_qs,uses_medicine,,Uses (medical)
118,note_PGS_annual_qs-PGS_peers,note_PGS_annual_qs,PGS_peers,,
119,note_PGS_annual_qs-note_PGS_assess,note_PGS_annual_qs,note_PGS_assess,,
120,note_PGS_annual_qs-PGS_principles,note_PGS_annual_qs,PGS_principles,,
121,note_PGS_annual_qs-PGS_integration_reqs,note_PGS_annual_qs,PGS_integration_reqs,,
122,note_PGS_annual_qs-PGS_biodiversity_reqs,note_PGS_annual_qs,PGS_biodiversity_reqs,,
123,note_PGS_annual_qs-note_self_reliance,note_PGS_annual_qs,note_self_reliance,,
124,note_PGS_annual_qs-PGS_self_reliance_reqs,note_PGS_annual_qs,PGS_self_reliance_reqs,,
125,note_PGS_annual_qs-note_participation,note_PGS_annual_qs,note_participation,,
126,note_PGS_annual_qs-PGS_min_participation_reqs,note_PGS_annual_qs,PGS_min_participation_reqs,,
127,note_PGS_annual_qs-PGS_chemicals_reqs,note_PGS_annual_qs,PGS_chemicals_reqs,,Chemcial Usage
128,note_PGS_annual_qs-PGS_pass,note_PGS_annual_qs,PGS_pass,,
129,note_PGS_annual_qs-PGS_pass_conditions,note_PGS_annual_qs,PGS_pass_conditions,,
130,note_PGS_annual_qs-write_conditions,note_PGS_annual_qs,write_conditions,,
131,note_PGS_annual_qs-PGS_plots,note_PGS_annual_qs,PGS_plots,,
132,note_PGS_annual_qs-thank_you,note_PGS_annual_qs,thank_you,,
133,survey_enjoyment,survey_enjoyment,,,
134,allplots_survey_accuracy,allplots_survey_accuracy,,,
135,__version__,__version__,,,
136,_version_,_version_,,,
137,meta-audit,meta,audit,,
138,meta-instanceID,meta,instanceID,,
139,KEY,KEY,,,
140,SubmitterID,SubmitterID,,,
141,SubmitterName,SubmitterName,,,
142,AttachmentsPresent,AttachmentsPresent,,,
143,AttachmentsExpected,AttachmentsExpected,,,
144,Status,Status,,,
145,ReviewState,ReviewState,,,
146,DeviceID,DeviceID,,,
147,Edits,Edits,,,
148,data_source,data_source,,,
149,Coop_info-coop_name_new,Coop_info,coop_name_new,,
150,Coop_info-image_farmer_headshot,Coop_info,image_farmer_headshot,,
151,value_added_presence-note_added_presence,value_added_presence,note_added_presence,,
152,value_added_presence-species_use,value_added_presence,species_use,,
153,value_added_presence-species_use_Swietenia_macrophylla_king,value_added_presence,species_use_Swietenia_macrophylla_king,,
154,value_added_presence-species_use_Hopea_odorata_roxb,value_added_presence,species_use_Hopea_odorata_roxb,,
155,value_added_presence-species_use_Parkia_speciosa,value_added_presence,species_use_Parkia_speciosa,,
156,value_added_presence-species_use_Areca_catechu,value_added_presence,species_use_Areca_catechu,,
157,value_added_presence-species_use_Lansium_domesticum,value_added_presence,species_use_Lansium_domesticum,,
158,value_added_presence-species_use_Durio_zibethinus,value_added_presence,species_use_Durio_zibethinus,,
159,value_added_presence-species_use_Garcinia_mangostana,value_added_presence,species_use_Garcinia_mangostana,,
160,value_added_presence-species_use_Gnetumgnemon_limm,value_added_presence,species_use_Gnetumgnemon_limm,,
161,value_added_presence-species_use_Archidendron_jiringa,value_added_presence,species_use_Archidendron_jiringa,,
162,value_added_presence-species_use_Bambusa_spp,value_added_presence,species_use_Bambusa_spp,,
163,value_added_presence-species_use_coffee_musa_ABB_Kluai_Namwa,value_added_presence,species_use_coffee_musa_ABB_Kluai_Namwa,,
164,value_added_presence-species_use_Nephelium_lappaceum,value_added_presence,species_use_Nephelium_lappaceum,,
165,value_added_presence-species_use_Salacca_zalacca_gaertn_voss,value_added_presence,species_use_Salacca_zalacca_gaertn_voss,,
166,value_added_presence-species_use_Cocos_nucifera__nucifera,value_added_presence,species_use_Cocos_nucifera__nucifera,,
167,value_added_presence-species_use_Magnolia_champaca_L_baill,value_added_presence,species_use_Magnolia_champaca_L_baill,,
168,value_added_presence-species_use_Litsea_grandis,value_added_presence,species_use_Litsea_grandis,,
169,value_added_presence-species_use_Mitragyna_speciosa_korth,value_added_presence,species_use_Mitragyna_speciosa_korth,,
170,value_added_presence-species_use_Elaeis_guineesis_L,value_added_presence,species_use_Elaeis_guineesis_L,,
171,value_added_presence-species_use_coffee_arabica,value_added_presence,species_use_coffee_arabica,,
172,value_added_presence-species_use_Persea_americana,value_added_presence,species_use_Persea_americana,,
173,value_added_presence-species_use_Azadirachta_excelsa,value_added_presence,species_use_Azadirachta_excelsa,,
174,value_added_presence-species_use_Swietenia_macrophylla,value_added_presence,species_use_Swietenia_macrophylla,,
175,value_added_presence-species_use_Dipterocarpus_dyeri,value_added_presence,species_use_Dipterocarpus_dyeri,,
176,value_added_presence-species_use_Vegetables,value_added_presence,species_use_Vegetables,,
177,value_added_presence-species_use_Ananas_comosus,value_added_presence,species_use_Ananas_comosus,,
178,value_added_presence-species_use_Baccauera_motleyana__Mul_arg,value_added_presence,species_use_Baccauera_motleyana__Mul_arg,,
179,value_added_presence-species_use_Azadirachta_indica__siamensis,value_added_presence,species_use_Azadirachta_indica__siamensis,,
180,value_added_presence-species_use_Anacardium_occidentale__L,value_added_presence,species_use_Anacardium_occidentale__L,,
181,value_added_presence-species_use_Acacia_mangium,value_added_presence,species_use_Acacia_mangium,,
182,value_added_presence-species_use_Eugenia_javanlea,value_added_presence,species_use_Eugenia_javanlea,,
183,value_added_presence-species_use_Passiflora_edulis,value_added_presence,species_use_Passiflora_edulis,,
184,value_added_presence-species_use_Piper_sarmentosum,value_added_presence,species_use_Piper_sarmentosum,,
185,value_added_presence-species_use_Litsea_elliptica__blume,value_added_presence,species_use_Litsea_elliptica__blume,,
186,value_added_presence-species_use_Artocarpus_integer,value_added_presence,species_use_Artocarpus_integer,,
187,value_added_presence-species_use_Intsia_palembanica,value_added_presence,species_use_Intsia_palembanica,,
188,value_added_presence-species_use_mangifera_indica,value_added_presence,species_use_mangifera_indica,,
189,value_added_presence-species_use_Artocarpus_heterophyllus,value_added_presence,species_use_Artocarpus_heterophyllus,,
190,value_added_presence-species_use_Landsium_parasiticum,value_added_presence,species_use_Landsium_parasiticum,,
191,value_added_presence-species_use_Compost,value_added_presence,species_use_Compost,,
192,value_added_products-species_volume,value_added_products,species_volume,,
193,value_added_products-species_volume_Swietenia_macrophylla_king,value_added_products,species_volume_Swietenia_macrophylla_king,,
194,value_added_products-species_volume_Hopea_odorata_roxb,value_added_products,species_volume_Hopea_odorata_roxb,,
195,value_added_products-species_volume_Parkia_speciosa,value_added_products,species_volume_Parkia_speciosa,,
196,value_added_products-species_volume_Areca_catechu,value_added_products,species_volume_Areca_catechu,,
197,value_added_products-species_volume_Lansium_domesticum,value_added_products,species_volume_Lansium_domesticum,,
198,value_added_products-species_volume_Durio_zibethinus,value_added_products,species_volume_Durio_zibethinus,,
199,value_added_products-species_volume_Garcinia_mangostana,value_added_products,species_volume_Garcinia_mangostana,,
200,value_added_products-species_volume_Gnetumgnemon_limm,value_added_products,species_volume_Gnetumgnemon_limm,,
201,value_added_products-species_volume_Archidendron_jiringa,value_added_products,species_volume_Archidendron_jiringa,,
202,value_added_products-species_volume_Bambusa_spp,value_added_products,species_volume_Bambusa_spp,,
203,value_added_products-species_volume_coffee_musa_ABB_Kluai_Namwa,value_added_products,species_volume_coffee_musa_ABB_Kluai_Namwa,,
204,value_added_products-species_volume_Nephelium_lappaceum,value_added_products,species_volume_Nephelium_lappaceum,,
205,value_added_products-species_volume_Salacca_zalacca_gaertn_voss,value_added_products,species_volume_Salacca_zalacca_gaertn_voss,,
206,value_added_products-species_volume_Cocos_nucifera__nucifera,value_added_products,species_volume_Cocos_nucifera__nucifera,,
207,value_added_products-species_volume_Magnolia_champaca_L_baill,value_added_products,species_volume_Magnolia_champaca_L_baill,,
208,value_added_products-species_volume_Litsea_grandis,value_added_products,species_volume_Litsea_grandis,,
209,value_added_products-species_volume_Mitragyna_speciosa_korth,value_added_products,species_volume_Mitragyna_speciosa_korth,,
210,value_added_products-species_volume_Elaeis_guineesis_L,value_added_products,species_volume_Elaeis_guineesis_L,,
211,value_added_products-species_volume_coffee_arabica,value_added_products,species_volume_coffee_arabica,,
212,value_added_products-species_volume_Persea_americana,value_added_products,species_volume_Persea_americana,,
213,value_added_products-species_volume_Azadirachta_excelsa,value_added_products,species_volume_Azadirachta_excelsa,,
214,value_added_products-species_volume_Swietenia_macrophylla,value_added_products,species_volume_Swietenia_macrophylla,,
215,value_added_products-species_volume_Dipterocarpus_dyeri,value_added_products,species_volume_Dipterocarpus_dyeri,,
216,value_added_products-species_volume_Vegetables,value_added_products,species_volume_Vegetables,,
217,value_added_products-species_volume_Ananas_comosus,value_added_products,species_volume_Ananas_comosus,,
218,value_added_products-species_volume_Baccauera_motleyana__Mul_arg,value_added_products,species_volume_Baccauera_motleyana__Mul_arg,,
219,value_added_products-species_volume_Azadirachta_indica__siamensis,value_added_products,species_volume_Azadirachta_indica__siamensis,,
220,value_added_products-species_volume_Anacardium_occidentale__L,value_added_products,species_volume_Anacardium_occidentale__L,,
221,value_added_products-species_volume_Acacia_mangium,value_added_products,species_volume_Acacia_mangium,,
222,value_added_products-species_volume_Eugenia_javanlea,value_added_products,species_volume_Eugenia_javanlea,,
223,value_added_products-species_volume_Passiflora_edulis,value_added_products,species_volume_Passiflora_edulis,,
224,value_added_products-species_volume_Piper_sarmentosum,value_added_products,species_volume_Piper_sarmentosum,,
225,value_added_products-species_volume_Litsea_elliptica__blume,value_added_products,species_volume_Litsea_elliptica__blume,,
226,value_added_products-species_volume_Artocarpus_integer,value_added_products,species_volume_Artocarpus_integer,,
227,value_added_products-species_volume_Intsia_palembanica,value_added_products,species_volume_Intsia_palembanica,,
228,value_added_products-species_volume_mangifera_indica,value_added_products,species_volume_mangifera_indica,,
229,value_added_products-species_volume_Artocarpus_heterophyllus,value_added_products,species_volume_Artocarpus_heterophyllus,,
230,value_added_products-species_volume_Landsium_parasiticum,value_added_products,species_volume_Landsium_parasiticum,,
231,value_added_products-species_volume_Compost,value_added_products,species_volume_Compost,,
232,value_added_products_timber-species_timber_volume,value_added_products_timber,species_timber_volume,,
233,value_added_products_timber-species_timber_volume_Swietenia_macrophylla_king,value_added_products_timber,species_timber_volume_Swietenia_macrophylla_king,,
234,value_added_products_timber-species_timber_volume_Hopea_odorata_roxb,value_added_products_timber,species_timber_volume_Hopea_odorata_roxb,,
235,value_added_products_timber-species_timber_volume_Gnetumgnemon_limm,value_added_products_timber,species_timber_volume_Gnetumgnemon_limm,,
236,value_added_products_timber-species_timber_volume_Bambusa_spp,value_added_products_timber,species_timber_volume_Bambusa_spp,,
237,value_added_products_timber-species_timber_volume_Litsea_grandis,value_added_products_timber,species_timber_volume_Litsea_grandis,,
238,value_added_products_timber-species_timber_volume_Azadirachta_excelsa,value_added_products_timber,species_timber_volume_Azadirachta_excelsa,,
239,value_added_products_timber-species_timber_volume_Swietenia_macrophylla,value_added_products_timber,species_timber_volume_Swietenia_macrophylla,,
240,value_added_products_timber-species_timber_volume_Dipterocarpus_dyeri,value_added_products_timber,species_timber_volume_Dipterocarpus_dyeri,,
241,value_added_products_timber-species_timber_volume_Azadirachta_indica__siamensis,value_added_products_timber,species_timber_volume_Azadirachta_indica__siamensis,,
242,value_added_products_timber-species_timber_volume_Acacia_mangium,value_added_products_timber,species_timber_volume_Acacia_mangium,,
243,value_added_products_timber-species_timber_volume_Litsea_elliptica__blume,value_added_products_timber,species_timber_volume_Litsea_elliptica__blume,,
244,value_added_products_timber-species_timber_volume_Intsia_palembanica,value_added_products_timber,species_timber_volume_Intsia_palembanica,,
245,note_baseline_general_qs-note_baseline_general,note_baseline_general_qs,note_baseline_general,,
246,note_PGS_annual_qs-pgs_improve,note_PGS_annual_qs,pgs_improve,,
247,year,year,,,
248,coop_rank,coop_rank,,,
249,farm_nan,farm_nan,,,
250,plot_number,plot_number,,,
251,img,img,,,
252,Coop_info-farm_collection,Coop_info,farm_collection,,
253,Coop_info-date_data,Coop_info,date_data,,
254,Coop_info-thai_farms,Coop_info,thai_farms,,
255,Coop_info-correct,Coop_info,correct,,
256,Coop_info-year,Coop_info,year,,
257,Coop_info-coop_ID,Coop_info,coop_ID,,
258,value_added_products,value_added_products,,,
259,species_volume,species_volume,,,
260,species_volume_Swietenia_macrophylla_king,species_volume_Swietenia_macrophylla_king,,,
261,species_volume_Hopea_odorata_roxb,species_volume_Hopea_odorata_roxb,,,
262,species_volume_Parkia_speciosa,species_volume_Parkia_speciosa,,,
263,species_volume_Areca_catechu,species_volume_Areca_catechu,,,
264,species_volume_Lansium_domesticum,species_volume_Lansium_domesticum,,,
265,species_volume_Durio_zibethinus,species_volume_Durio_zibethinus,,,
266,species_volume_Garcinia_mangostana,species_volume_Garcinia_mangostana,,,
267,species_volume_Gnetumgnemon_limm,species_volume_Gnetumgnemon_limm,,,
268,species_volume_Archidendron_jiringa,species_volume_Archidendron_jiringa,,,
269,species_volume_Bambusa_spp,species_volume_Bambusa_spp,,,
270,species_volume_coffee_musa_ABB_Kluai_Namwa,species_volume_coffee_musa_ABB_Kluai_Namwa,,,
271,species_volume_Nephelium_lappaceum,species_volume_Nephelium_lappaceum,,,
272,species_volume_Salacca_zalacca_gaertn_voss,species_volume_Salacca_zalacca_gaertn_voss,,,
273,species_volume_Cocos_nucifera__nucifera,species_volume_Cocos_nucifera__nucifera,,,
274,species_volume_Magnolia_champaca_L_baill,species_volume_Magnolia_champaca_L_baill,,,
275,species_volume_Litsea_grandis,species_volume_Litsea_grandis,,,
276,species_volume_Mitragyna_speciosa_korth,species_volume_Mitragyna_speciosa_korth,,,
277,species_volume_Elaeis_guineesis_L,species_volume_Elaeis_guineesis_L,,,
278,species_volume_coffee_arabica,species_volume_coffee_arabica,,,
279,species_volume_Persea_americana,species_volume_Persea_americana,,,
280,species_volume_Azadirachta_excelsa,species_volume_Azadirachta_excelsa,,,
281,species_volume_Swietenia_macrophylla,species_volume_Swietenia_macrophylla,,,
282,species_volume_Dipterocarpus_dyeri,species_volume_Dipterocarpus_dyeri,,,
283,species_volume_Vegetables,species_volume_Vegetables,,,
284,species_volume_Ananas_comosus,species_volume_Ananas_comosus,,,
285,species_volume_Baccauera_motleyana__Mul_arg,species_volume_Baccauera_motleyana__Mul_arg,,,
286,species_volume_Azadirachta_indica__siamensis,species_volume_Azadirachta_indica__siamensis,,,
287,species_volume_Anacardium_occidentale__L,species_volume_Anacardium_occidentale__L,,,
288,species_volume_Acacia_mangium,species_volume_Acacia_mangium,,,
289,species_volume_Eugenia_javanlea,species_volume_Eugenia_javanlea,,,
290,species_volume_Passiflora_edulis,species_volume_Passiflora_edulis,,,
291,species_volume_Piper_sarmentosum,species_volume_Piper_sarmentosum,,,
292,species_volume_Litsea_elliptica__blume,species_volume_Litsea_elliptica__blume,,,
293,species_volume_Artocarpus_integer,species_volume_Artocarpus_integer,,,
294,species_volume_Intsia_palembanica,species_volume_Intsia_palembanica,,,
295,species_volume_mangifera_indica,species_volume_mangifera_indica,,,
296,species_volume_Artocarpus_heterophyllus,species_volume_Artocarpus_heterophyllus,,,
297,species_volume_Landsium_parasiticum,species_volume_Landsium_parasiticum,,,
298,species_volume_Compost,species_volume_Compost,,,
299,species_text_other,species_text_other,,,
300,income_additional,income_additional,,,
301,value_added_products_timber,value_added_products_timber,,,
302,species_timber_volume,species_timber_volume,,,
303,species_timber_volume_Swietenia_macrophylla_king,species_timber_volume_Swietenia_macrophylla_king,,,
304,species_timber_volume_Hopea_odorata_roxb,species_timber_volume_Hopea_odorata_roxb,,,
305,species_timber_volume_Gnetumgnemon_limm,species_timber_volume_Gnetumgnemon_limm,,,
306,species_timber_volume_Bambusa_spp,species_timber_volume_Bambusa_spp,,,
307,species_timber_volume_Litsea_grandis,species_timber_volume_Litsea_grandis,,,
308,species_timber_volume_Azadirachta_excelsa,species_timber_volume_Azadirachta_excelsa,,,
309,species_timber_volume_Swietenia_macrophylla,species_timber_volume_Swietenia_macrophylla,,,
310,species_timber_volume_Dipterocarpus_dyeri,species_timber_volume_Dipterocarpus_dyeri,,,
311,species_timber_volume_Azadirachta_indica__siamensis,species_timber_volume_Azadirachta_indica__siamensis,,,
312,species_timber_volume_Acacia_mangium,species_timber_volume_Acacia_mangium,,,
313,species_timber_volume_Litsea_elliptica__blume,species_timber_volume_Litsea_elliptica__blume,,,
314,species_timber_volume_Intsia_palembanica,species_timber_volume_Intsia_palembanica,,,
315,plot_number-somrom_plots,plot_number,somrom_plots,,
316,somrom_count,somrom_count,,,
317,rubber_plot_count,rubber_plot_count,,,
318,note_PGS_annual_qs-PGS_chemical_reqs_specifics,note_PGS_annual_qs,PGS_chemical_reqs_specifics,,
319,note_PGS_annual_qs-rubber_relationship,note_PGS_annual_qs,rubber_relationship,,
320,note_PGS_annual_qs-success,note_PGS_annual_qs,success,,
321,note_PGS_annual_qs-struggle,note_PGS_annual_qs,struggle,,
322,note_PGS_annual_qs-unique,note_PGS_annual_qs,unique,,
323,KEY_x,KEY_x,,,
324,FormVersion,FormVersion,,,
325,plot_shape-plot_visit_plot,plot_shape,plot_visit_plot,,
326,plot_shape-plot_select,plot_shape,plot_select,,
327,plot_shape-plot_presence,plot_shape,plot_presence,,
328,plot_shape-plot_revisit_plot,plot_shape,plot_revisit_plot,,
329,plot_shape-plot_plot_section,plot_shape,plot_plot_section,,
330,plot_shape-plot_desc,plot_shape,plot_desc,,
331,plot_shape-plot_questions,plot_shape,plot_questions,,
332,plot_shape-plot_edge-Latitude,plot_shape,plot_edge,Latitude,Latitude
333,plot_shape-plot_edge-Longitude,plot_shape,plot_edge,Longitude,Longitude
334,plot_shape-plot_edge-Altitude,plot_shape,plot_edge,Altitude,Altitude
335,plot_shape-plot_edge-Accuracy,plot_shape,plot_edge,Accuracy,Accuracy
336,plot_shape-plot_audio,plot_shape,plot_audio,,
337,plot_shape-plot_audio_descriptor,plot_shape,plot_audio_descriptor,,
338,plot_information-plot_conservation_new,plot_information,plot_conservation_new,,
339,plot_information-plot_date_begin,plot_information,plot_date_begin,,
340,plot_information-plot_date_inherit,plot_information,plot_date_inherit,,
341,plot_information-plot_date_integration,plot_information,plot_date_integration,,Integration year
342,plot_information-plot_image_woody,plot_information,plot_image_woody,,
343,plot_information-plot_trees_note,plot_information,plot_trees_note,,
344,plot_information-plot_trees_note_medium,plot_information,plot_trees_note_medium,,
345,plot_information-plot_trees_note_small,plot_information,plot_trees_note_small,,
346,plot_information-plot_diversity,plot_information,plot_diversity,,Plot Diversity
347,plot_information-plot_edge_text,plot_information,plot_edge_text,,Plot Edge
348,plot_information-plot_image_edge_chest,plot_information,plot_image_edge_chest,,
349,PARENT_KEY,PARENT_KEY,,,Parent Key
350,KEY_y,KEY_y,,,
351,list_name,list_name,,,
352,name,name,,,
353,label::English (en),label::English (en),,,
354,label::??? (th),label::??? (th),,,
355,mapping,mapping,,,
356,geometry,geometry,,,
357,??????,??????,,,
358,????????,????????,,,
359,???????,???????,,,
360,??????????,??????????,,,
361,plot_polygon,plot_polygon,,,
362,polygon,polygon,,,
